Brendon Lee | Alphabetag1 | brendonlee123@yahoo.com | 012-3212333 | RM0
Renz Lee | Renzlee1 | renzleerenzlee12345@gmail.com | 017-1289312 | RM420
Benson Lee | Bensonlee2 | bensonlee@gmail.com | 012-4653542 | RM320
Herman Lee | Hermanlee1 | hermanlee123@gmail.com | 012-8293423 | RM60
Lowrenz Lee | Lowrenzlee1 | lowrenzlee@outlook.com | 017-2342342 | RM0
Jia Hui Lim | Limjiahui1 | limjiahui1@gmail.com | 012-3123123 | RM7000
Testing Xia Hello | fewfwTest1 | testingxia12@gmail.com | 012-1312321 | RM0
Desmond Sim | Desmondsim1 | desmondsim1@gmail.com | 017-4234232 | RM5860
